{"[-1, -1, 0]": 117.80000000000048, "[1, 0, 1]": 3067.3999999991515, "[1, 1, 1]": 235.89999999999407, "[1, 1, 0]": 44.300000000000956, "[1, 0, 0]": 2226.90000000008, "[-1, -1, -1]": -304.70000000000084, "[-1, -2, 0]": 632.3000000000252, "[-1, -2, -1]": -31.99999999999857, "[-1, 2, 1]": 135.8000000000021, "[-1, 1, -1]": -791.8000000000659, "[-1, 1, 0]": -2204.500000000008, "[-1, 0, -1]": -1314.1000000000818, "[-2, 0, 0]": -2962.999999999307, "[-2, -1, 0]": -998.600000000108, "[-1, 1, 1]": -258.4999999999931, "[-1, 0, 0]": -1672.000000000135, "[-1, 0, 1]": 1657.6000000001127, "[-1, 1, -2]": -231.49999999999565, "[-2, -1, -1]": -557.500000000001, "[-1, -1, 1]": 107.10000000000025, "[2, 1, 0]": -172.8000000000045, "[1, -1, 0]": 4337.899999997936, "[2, 0, 0]": 189.09999999999786, "[2, 1, 1]": 98.90000000000074, "[2, 2, 1]": 26.399999999999938, "[3, 2, 0]": -2032.199999999992, "[3, 1, 1]": 682.1000000000154, "[2, -1, 0]": 859.6000000000777, "[3, -2, 0]": 381.40000000000305, "[3, -1, 1]": 854.3000000000045, "[3, -1, 0]": -2.8999999999998125, "[3, 0, 1]": 1272.2000000000369, "[3, 0, 0]": -1514.1999999999848, "[3, 1, 0]": -2644.500000000112, "[3, -1, -1]": -551.5000000000065, "[3, 0, -1]": -1219.7000000000169, "[3, 2, 1]": 253.99999999999812, "[3, 0, 2]": 209.09999999999854, "[3, 1, -1]": -542.0000000000063, "[2, -1, 1]": 331.8999999999947, "[2, 0, 2]": 85.60000000000043, "[3, -2, 2]": 172.7, "[3, -2, 1]": 382.7000000000006, "[-2, 1, -1]": -1199.4000000001615, "[-2, 1, -2]": -437.8999999999848, "[-3, 0, -2]": -148.49999999999932, "[-3, 1, -1]": -643.300000000022, "[-2, -1, 1]": -173.49999999999773, "[-3, 1, -2]": -312.6999999999893, "[-3, 0, 0]": -1133.9000000001004, "[-3, 0, 1]": -155.49999999999883, "[-3, 0, -1]": -813.100000000065, "[3, 2, -1]": -192.80000000000086, "[3, 3, 0]": -798.3999999999969, "[-3, 2, 0]": -944.8000000000418, "[-2, 0, -2]": -199.89999999999574, "[-3, -1, 0]": -471.6999999999931, "[-3, 1, 0]": -1296.5000000001016, "[-2, 1, 1]": -547.8999999999907, "[-2, 1, 0]": -3164.9999999990537, "[-2, 0, -1]": -1714.700000000223, "[-2, 2, 0]": -1695.6000000001084, "[-3, 1, 1]": -144.19999999999956, "[-2, 0, 1]": -499.29999999997875, "[-1, 2, 0]": -1000.9000000001008, "[-2, 0, -3]": -39.30000000000008, "[-1, 0, -2]": -249.49999999999278, "[1, 0, 2]": 147.49999999999918, "[1, 1, 2]": 57.40000000000028, "[1, -1, 1]": 900.2000000000891, "[2, 0, 1]": 1074.900000000131, "[2, -1, -1]": 99.40000000000094, "[3, -2, -1]": -184.49999999999704, "[2, 1, -1]": -168.8000000000019, "[1, 0, -2]": 36.499999999999986, "[2, 0, -1]": -118.800000000003, "[2, -1, 2]": 208.49999999999554, "[3, 1, -2]": -317.9999999999969, "[3, -3, 1]": 132.7000000000009, "[3, -3, -1]": 34.999999999999915, "[3, -4, 0]": 112.60000000000126, "[3, -4, 2]": 50.39999999999998, "[1, 0, 3]": 24.29999999999996, "[-1, 0, 2]": 457.7999999999917, "[2, 1, 2]": 25.49999999999997, "[1, 0, -1]": 258.29999999999364, "[1, -2, -1]": 87.70000000000027, "[-1, -1, -2]": -19.599999999999966, "[-1, -1, 2]": 12.800000000000026, "[-2, 2, -2]": -177.09999999999732, "[-3, 2, -2]": -218.39999999999503, "[-2, 1, 2]": -25.899999999999938, "[-1, -2, 2]": 75.80000000000032, "[-2, -2, -1]": -197.79999999999788, "[-1, 2, -1]": -321.8999999999948, "[-1, 3, 0]": -134.1000000000006, "[-1, 4, 1]": -4.100000000000001, "[-1, 4, -1]": -6.300000000000001, "[-1, 3, -1]": -47.000000000000206, "[2, -2, 2]": 346.8999999999918, "[2, -3, 1]": 4.700000000000084, "[1, -1, -2]": 16.599999999999973, "[-1, 2, -2]": -201.69999999999794, "[2, 2, 0]": -118.60000000000078, "[2, -2, 0]": 163.8000000000011, "[3, -3, 0]": 250.2000000000018, "[2, 3, -2]": -13.300000000000004, "[3, 3, -2]": -63.099999999999994, "[3, 2, -2]": -116.70000000000013, "[3, -1, -3]": -27.399999999999995, "[3, 0, -3]": -61.900000000000205, "[3, 0, -2]": -267.5999999999984, "[-3, 2, -1]": -232.59999999999775, "[-2, -2, 2]": -8.100000000000001, "[-2, -2, 1]": -36.50000000000003, "[-1, -3, 2]": -1.2000000000000002, "[-2, 2, -1]": -258.2999999999923, "[-3, 3, 0]": -454.8999999999995, "[-1, 1, 3]": -2.3000000000000003, "[-1, 0, 3]": 38.700000000000074, "[2, -3, 0]": -19.900000000000443, "[-1, 4, 0]": -6.900000000000001, "[-3, -2, 0]": -131.1000000000001, "[-2, 3, 0]": -645.7000000000343, "[3, -1, 2]": 429.3999999999949, "[3, -3, 2]": 88.59999999999997, "[-2, 3, -2]": -34.80000000000001, "[1, -1, 2]": 699.0000000000359, "[3, -1, -2]": -65.50000000000006, "[-1, 3, 1]": -12.40000000000001, "[-1, -3, 0]": -20.89999999999996, "[2, -2, 1]": 164.29999999999893, "[1, -2, 0]": 360.7999999999999, "[2, 2, -2]": -44.59999999999988, "[2, 2, -1]": -47.799999999999855, "[3, -3, 3]": 2.7, "[-2, 2, 1]": -168.79999999999836, "[-3, 3, -3]": -2.1999999999999997, "[-3, 3, -2]": -32.50000000000001, "[-3, 3, -1]": -62.699999999999704, "[-2, 3, 1]": -22.799999999999976, "[1, 1, -1]": -151.600000000001, "[1, -1, -1]": 1018.4000000001112, "[-1, -2, 1]": 34.40000000000003, "[1, 2, 1]": 12.200000000000044, "[-1, 1, 2]": -0.2000000000000013, "[1, -2, 2]": 81.80000000000017, "[1, -3, 0]": -16.600000000000104, "[1, 3, 0]": -17.200000000000006, "[3, 3, 1]": 38.2000000000001, "[1, 2, 0]": 172.49999999999883, "[1, 3, 1]": 2.3000000000000065, "[-1, -3, -1]": -13.600000000000009, "[-3, -2, -1]": -144.4999999999991, "[-2, -2, 0]": -225.99999999999426, "[-1, 0, -3]": -34.800000000000004, "[3, 1, 3]": 14.599999999999998, "[1, -2, 1]": 120.70000000000026, "[1, -3, 2]": 22.199999999999992, "[2, -3, 2]": 24.900000000000006, "[-3, -1, -1]": -415.599999999995, "[-3, -1, 2]": -15.39999999999998, "[-2, 3, -1]": -50.90000000000006, "[1, 2, -1]": -10.89999999999997, "[-3, -1, 1]": -100.50000000000031, "[2, 2, 3]": 4.300000000000002, "[1, -2, -3]": 0.2, "[2, -1, -2]": -18.500000000000018, "[2, -3, -1]": 24.799999999999983, "[2, -2, -1]": 35.800000000000026, "[-2, -3, 0]": -40.600000000000065, "[2, 3, 1]": 7.999999999999999, "[-1, -3, 1]": 11.200000000000006, "[-1, -4, 1]": 9.700000000000003, "[-1, -4, 0]": 3.400000000000001, "[3, 3, -1]": -33.49999999999973, "[3, 4, -2]": -10.300000000000008, "[3, 4, -1]": -6.400000000000048, "[3, 4, 0]": -209.00000000000233, "[1, -4, 2]": 7.1000000000000005, "[2, -2, 3]": 8.000000000000004, "[2, -1, 3]": 132.5000000000006, "[-1, 4, -2]": -11.199999999999996, "[-1, 2, -3]": -16.899999999999988, "[2, 0, -3]": -4.199999999999999, "[2, 1, -3]": -7.400000000000007, "[2, 2, -3]": 2.5, "[2, 1, -2]": -53.59999999999984, "[-3, 5, 0]": -189.00000000000097, "[1, -3, -1]": 5.500000000000002, "[3, -4, 1]": 28.39999999999986, "[-1, 1, -3]": -37.60000000000005, "[-2, 2, -3]": -16.299999999999972, "[-1, 2, 2]": 18.499999999999996, "[1, 2, 3]": 1.2999999999999998, "[-1, -2, -3]": -0.20000000000000007, "[3, 0, 3]": 97.30000000000028, "[1, 1, -2]": -45.59999999999991, "[-1, 3, -2]": -42.60000000000013, "[-3, 4, 0]": -202.1000000000028, "[2, 1, 3]": 16.900000000000002, "[3, 1, 2]": 133.49999999999963, "[-2, -1, -3]": -30.39999999999995, "[-3, 1, -3]": -62.50000000000042, "[-3, -1, -2]": -56.0000000000001, "[-3, -3, 2]": -8.899999999999997, "[-1, -2, -2]": -13.499999999999993, "[-3, -3, 0]": -14.799999999999997, "[-2, -3, 1]": -1.5999999999999985, "[-2, -3, 2]": -0.29999999999999993, "[-3, 0, -3]": -48.100000000000215, "[-3, 2, 1]": -93.90000000000022, "[-3, 4, 1]": -19.900000000000002, "[-2, 1, -3]": -44.200000000000166, "[1, 3, -1]": -15.099999999999998, "[2, 3, -1]": -18.50000000000001, "[2, 3, 0]": -63.69999999999992, "[1, -2, -2]": 4.300000000000001, "[3, -2, -2]": -13.099999999999994, "[2, 0, -2]": -23.600000000000023, "[2, 4, 0]": -4.8999999999999995, "[-2, -1, -4]": -12.7, "[-1, -4, 2]": 1.6, "[2, -3, 3]": 4.300000000000001, "[-3, 0, 2]": -12.999999999999982, "[1, -4, -1]": -1.6, "[-3, 4, -2]": -29.00000000000001, "[-3, 3, 1]": -45.40000000000008, "[1, 2, -2]": -12.800000000000033, "[-2, 0, 2]": -59.30000000000034, "[-2, 4, 1]": 2.4999999999999982, "[2, -4, -1]": 4.499999999999998, "[-2, 4, -2]": -5.6000000000000005, "[2, -4, 2]": -0.8000000000000005, "[3, 4, 1]": 4.1000000000000005,