{"[-1, -1, 0]": 115.60000000000045, "[1, 0, 1]": 3087.999999999133, "[1, 1, 1]": 236.09999999999405, "[1, 1, 0]": 47.300000000001, "[1, 0, 0]": 2241.300000000067, "[-1, -1, -1]": -305.5000000000008, "[-1, -2, 0]": 637.5000000000264, "[-1, -2, -1]": -29.599999999998577, "[-1, 2, 1]": 133.40000000000222, "[-1, 1, -1]": -795.0000000000666, "[-1, 1, 0]": -2211.9000000000015, "[-1, 0, -1]": -1320.9000000000833, "[-2, 0, 0]": -2983.1999999992886, "[-2, -1, 0]": -1006.4000000001098, "[-1, 1, 1]": -259.49999999999307, "[-1, 0, 0]": -1676.600000000136, "[-1, 0, 1]": 1666.0000000001146, "[-1, 1, -2]": -233.49999999999554, "[-2, -1, -1]": -559.7000000000015, "[-1, -1, 1]": 106.70000000000024, "[2, 1, 0]": -170.60000000000463, "[1, -1, 0]": 4362.699999997913, "[2, 0, 0]": 193.6999999999976, "[2, 1, 1]": 99.90000000000076, "[2, 2, 1]": 26.399999999999938, "[3, 2, 0]": -2037.1999999999932, "[3, 1, 1]": 682.9000000000156, "[2, -1, 0]": 864.4000000000788, "[3, -2, 0]": 383.40000000000293, "[3, -1, 1]": 857.3000000000052, "[3, -1, 0]": -1.299999999999812, "[3, 0, 1]": 1277.600000000038, "[3, 0, 0]": -1517.5999999999856, "[3, 1, 0]": -2648.700000000108, "[3, -1, -1]": -551.3000000000064, "[3, 0, -1]": -1222.7000000000176, "[3, 2, 1]": 254.5999999999981, "[3, 0, 2]": 209.6999999999985, "[3, 1, -1]": -545.200000000007, "[2, -1, 1]": 333.4999999999946, "[2, 0, 2]": 85.80000000000044, "[3, -2, 2]": 173.09999999999997, "[3, -2, 1]": 384.3000000000005, "[-2, 1, -1]": -1208.8000000001637, "[-2, 1, -2]": -443.89999999998446, "[-3, 0, -2]": -149.29999999999927, "[-3, 1, -1]": -648.9000000000233, "[-2, -1, 1]": -175.09999999999764, "[-3, 1, -2]": -317.09999999998905, "[-3, 0, 0]": -1143.1000000001025, "[-3, 0, 1]": -156.0999999999988, "[-3, 0, -1]": -824.1000000000676, "[3, 2, -1]": -194.80000000000075, "[3, 3, 0]": -798.599999999997, "[-3, 2, 0]": -952.6000000000436, "[-2, 0, -2]": -201.29999999999566, "[-3, -1, 0]": -473.09999999999303, "[-3, 1, 0]": -1307.9000000001042, "[-2, 1, 1]": -553.4999999999919, "[-2, 1, 0]": -3188.1999999990326, "[-2, 0, -1]": -1726.5000000002258, "[-2, 2, 0]": -1705.4000000001106, "[-3, 1, 1]": -144.39999999999955, "[-2, 0, 1]": -502.2999999999786, "[-1, 2, 0]": -1006.5000000001021, "[-2, 0, -3]": -39.30000000000008, "[-1, 0, -2]": -251.49999999999267, "[1, 0, 2]": 148.49999999999912, "[1, 1, 2]": 57.600000000000286, "[1, -1, 1]": 908.4000000000909, "[2, 0, 1]": 1086.5000000001337, "[2, -1, -1]": 101.00000000000097, "[3, -2, -1]": -185.099999999997, "[2, 1, -1]": -168.6000000000019, "[1, 0, -2]": 36.89999999999999, "[2, 0, -1]": -118.20000000000299, "[2, -1, 2]": 210.8999999999954, "[3, 1, -2]": -318.7999999999968, "[3, -3, 1]": 132.7000000000009, "[3, -3, -1]": 34.999999999999915, "[3, -4, 0]": 112.60000000000126, "[3, -4, 2]": 50.39999999999998, "[1, 0, 3]": 24.099999999999962, "[-1, 0, 2]": 461.5999999999915, "[2, 1, 2]": 25.299999999999972, "[1, 0, -1]": 262.8999999999934, "[1, -2, -1]": 88.70000000000029, "[-1, -1, -2]": -19.799999999999965, "[-1, -1, 2]": 13.000000000000025, "[-2, 2, -2]": -179.69999999999717, "[-3, 2, -2]": -221.19999999999487, "[-2, 1, 2]": -25.69999999999994, "[-1, -2, 2]": 76.60000000000034, "[-2, -2, -1]": -197.99999999999787, "[-1, 2, -1]": -323.6999999999947, "[-1, 3, 0]": -135.5000000000005, "[-1, 4, 1]": -4.100000000000001, "[-1, 4, -1]": -6.300000000000001, "[-1, 3, -1]": -46.8000000000002, "[2, -2, 2]": 350.6999999999916, "[2, -3, 1]": 5.100000000000084, "[1, -1, -2]": 16.99999999999997, "[-1, 2, -2]": -201.69999999999794, "[2, 2, 0]": -118.20000000000077, "[2, -2, 0]": 165.400000000001, "[3, -3, 0]": 250.60000000000178, "[2, 3, -2]": -13.300000000000004, "[3, 3, -2]": -63.7, "[3, 2, -2]": -116.70000000000013, "[3, -1, -3]": -27.799999999999994, "[3, 0, -3]": -62.10000000000021, "[3, 0, -2]": -267.79999999999836, "[-3, 2, -1]": -232.79999999999774, "[-2, -2, 2]": -8.100000000000001, "[-2, -2, 1]": -37.50000000000004, "[-1, -3, 2]": -1.4000000000000001, "[-2, 2, -1]": -259.6999999999922, "[-3, 3, 0]": -457.4999999999994, "[-1, 1, 3]": -2.3000000000000003, "[-1, 0, 3]": 39.10000000000008, "[2, -3, 0]": -19.500000000000444, "[-1, 4, 0]": -6.900000000000001, "[-3, -2, 0]": -131.3000000000001, "[-2, 3, 0]": -648.900000000035, "[3, -1, 2]": 429.7999999999949, "[3, -3, 2]": 89.39999999999998, "[-2, 3, -2]": -35.40000000000002, "[1, -1, 2]": 705.6000000000374, "[3, -1, -2]": -65.30000000000005, "[-1, 3, 1]": -13.200000000000006, "[-1, -3, 0]": -20.89999999999996, "[2, -2, 1]": 165.69999999999885, "[1, -2, 0]": 362.9999999999998, "[2, 2, -2]": -44.59999999999988, "[2, 2, -1]": -47.99999999999986, "[3, -3, 3]": 2.7, "[-2, 2, 1]": -170.19999999999828, "[-3, 3, -3]": -1.9999999999999998, "[-3, 3, -2]": -32.70000000000001, "[-3, 3, -1]": -63.29999999999971, "[-2, 3, 1]": -22.999999999999975, "[1, 1, -1]": -151.200000000001, "[1, -1, -1]": 1025.6000000001127, "[-1, -2, 1]": 34.40000000000003, "[1, 2, 1]": 13.00000000000004, "[-1, 1, 2]": -0.4000000000000013, "[1, -2, 2]": 82.60000000000018, "[1, -3, 0]": -16.000000000000107, "[1, 3, 0]": -17.000000000000007, "[3, 3, 1]": 38.2000000000001, "[1, 2, 0]": 173.49999999999878, "[1, 3, 1]": 2.700000000000007, "[-1, -3, -1]": -13.20000000000001, "[-3, -2, -1]": -144.4999999999991, "[-2, -2, 0]": -226.19999999999425, "[-1, 0, -3]": -35.00000000000001, "[3, 1, 3]": 14.799999999999997, "[1, -2, 1]": 121.10000000000026, "[1, -3, 2]": 21.799999999999994, "[2, -3, 2]": 25.300000000000004, "[-3, -1, -1]": -417.19999999999493, "[-3, -1, 2]": -15.59999999999998, "[-2, 3, -1]": -50.90000000000006, "[1, 2, -1]": -10.099999999999973, "[-3, -1, 1]": -100.30000000000031, "[2, 2, 3]": 4.300000000000002, "[1, -2, -3]": 0.2, "[2, -1, -2]": -18.500000000000018, "[2, -3, -1]": 24.799999999999983, "[2, -2, -1]": 35.800000000000026, "[-2, -3, 0]": -40.600000000000065, "[2, 3, 1]": 8.2, "[-1, -3, 1]": 10.800000000000008, "[-1, -4, 1]": 9.700000000000003, "[-1, -4, 0]": 3.400000000000001, "[3, 3, -1]": -33.29999999999973, "[3, 4, -2]": -10.500000000000007, "[3, 4, -1]": -6.400000000000048, "[3, 4, 0]": -209.20000000000232, "[1, -4, 2]": 7.1000000000000005, "[2, -2, 3]": 8.000000000000004, "[2, -1, 3]": 135.10000000000045, "[-1, 4, -2]": -11.399999999999995, "[-1, 2, -3]": -17.299999999999986, "[2, 0, -3]": -4.199999999999999, "[2, 1, -3]": -7.400000000000007, "[2, 2, -3]": 2.5, "[2, 1, -2]": -53.19999999999983, "[-3, 5, 0]": -189.00000000000097, "[1, -3, -1]": 5.500000000000002, "[3, -4, 1]": 28.39999999999986, "[-1, 1, -3]": -37.800000000000054, "[-2, 2, -3]": -15.899999999999974, "[-1, 2, 2]": 18.499999999999996, "[1, 2, 3]": 1.2999999999999998, "[-1, -2, -3]": -5.551115123125783e-17, "[3, 0, 3]": 97.70000000000029, "[1, 1, -2]": -45.399999999999906, "[-1, 3, -2]": -43.20000000000014, "[-3, 4, 0]": -203.10000000000275, "[2, 1, 3]": 16.700000000000003, "[3, 1, 2]": 133.49999999999963, "[-2, -1, -3]": -30.39999999999995, "[-3, 1, -3]": -63.50000000000043, "[-3, -1, -2]": -55.40000000000009, "[-3, -3, 2]": -8.899999999999997, "[-1, -2, -2]": -13.099999999999994, "[-3, -3, 0]": -14.799999999999997, "[-2, -3, 1]": -1.1999999999999986, "[-2, -3, 2]": -0.29999999999999993, "[-3, 0, -3]": -48.70000000000022, "[-3, 2, 1]": -93.70000000000022, "[-3, 4, 1]": -19.900000000000002, "[-2, 1, -3]": -44.40000000000017, "[1, 3, -1]": -15.299999999999997, "[2, 3, -1]": -18.30000000000001, "[2, 3, 0]": -63.69999999999992, "[1, -2, -2]": 4.300000000000001, "[3, -2, -2]": -13.099999999999994, "[2, 0, -2]": -23.600000000000023, "[2, 4, 0]": -4.699999999999999, "[-2, -1, -4]": -12.7, "[-1, -4, 2]": 1.6, "[2, -3, 3]": 4.300000000000001, "[-3, 0, 2]": -13.199999999999982, "[1, -4, -1]": -1.6, "[-3, 4, -2]": -29.00000000000001, "[-3, 3, 1]": -45.40000000000008, "[1, 2, -2]": -12.800000000000033, "[-2, 0, 2]": -60.70000000000036, "[-2, 4, 1]": 2.4999999999999982, "[2, -4, -1]": 4.499999999999998, "[-2, 4, -2]": -5.4, "[2, -4, 2]": -0.8000000000000005, "[3, 4, 1]": 4.1000000000000005, "[-2, -3, -2]": -3.8000000000000007,